<?xml version="1.0" encoding="UTF-8"?>
<cfg:configuration name="XLingPaper" xmlns:xslt="http://www.w3.org/1999/XSL/Transform" xmlns:xsi="http://www.w3.org/2001/XMLSchema-instance" xmlns:xs="http://www.w3.org/2001/XMLSchema"
  xmlns:cfg="http://www.xmlmind.com/xmleditor/schema/configuration">
  <!--
========================================
   Element templates 
========================================
-->
  <cfg:elementTemplate name="space">
    <b></b>
  </cfg:elementTemplate>
  <cfg:elementTemplate name="entry_pair">
    <e><p><l>srcword1.1<s n="???"/></l><r>tgtword1.1<s n="???"/></r></p></e>
  </cfg:elementTemplate>
  <cfg:elementTemplate name="identity">
    <i>word1.1<s n="???"/></i>
  </cfg:elementTemplate>
  <cfg:elementTemplate name="left">
    <l>srcword1.1<s n="???"/></l>
  </cfg:elementTemplate>
  <cfg:elementTemplate name="pair">
    <p><l>srcword1.1<s n="???"/></l><r>tgtword1.1<s n="???"/></r></p>
  </cfg:elementTemplate>
  <cfg:elementTemplate name="right">
    <r>tgtword1.1<s n="???"/></r>
  </cfg:elementTemplate>
  <cfg:elementTemplate name="section">
    <section  id="main" type="standard">
      <e><p><l>srcword1.1<s n="???"/></l><r>tgtword1.1<s n="???"/></r></p></e> 
    </section>
  </cfg:elementTemplate>
  <cfg:elementTemplate name="symbol">
    <s n="???"></s>
  </cfg:elementTemplate>
  <cfg:elementTemplate name="symbol-definition">
    <sdef n="sym" c="Symbol description"></sdef>
  </cfg:elementTemplate>
</cfg:configuration>