<?xml version="1.0" encoding="UTF-8"?>
<cfg:configuration name="Apertium Transfer Rules Document" xmlns:xslt="http://www.w3.org/1999/XSL/Transform" xmlns:xsi="http://www.w3.org/2001/XMLSchema-instance" xmlns:xs="http://www.w3.org/2001/XMLSchema"
  xmlns:cfg="http://www.xmlmind.com/xmleditor/schema/configuration">
  <!--
========================================
   Element templates 
========================================
-->
  <cfg:elementTemplate name="und_gleich_2">
    <and>
      <equal>
        <clip pos="1" side="tl" part="a_"/>
        <lit-tag v="pl"/>
      </equal>
      <equal>
        <clip pos="1" side="tl" part="a_"/>
        <lit-tag v="pl"/>
      </equal>
    </and>
  </cfg:elementTemplate>
  <cfg:elementTemplate name="und_gleich_3">
    <and>
      <equal>
        <clip pos="1" side="tl" part="a_"/>
        <lit-tag v="pl"/>
      </equal>
      <equal>
        <clip pos="1" side="tl" part="a_"/>
        <lit-tag v="pl"/>
      </equal>
      <equal>
        <clip pos="1" side="tl" part="a_"/>
        <lit-tag v="pl"/>
      </equal>
    </and>
  </cfg:elementTemplate>

  <cfg:elementTemplate name="anhängen_clip">
    <append n="v_">
      <clip pos="1" side="tl" part="a_"/>
    </append>
  </cfg:elementTemplate>

  <cfg:elementTemplate name="etiketten">
    <attr-item tags="aaa"/>
  </cfg:elementTemplate>

  <cfg:elementTemplate name="attribut">
    <def-attr n="a_">
      <attr-item tags="aaa"/>
    </def-attr>
  </cfg:elementTemplate>
  <cfg:elementTemplate name="attribut_2">
    <def-attr n="a_">
      <attr-item tags="aaa"/>
      <attr-item tags="bbb"/>
    </def-attr>
  </cfg:elementTemplate>
  <cfg:elementTemplate name="attribut_3">
    <def-attr n="a_">
      <attr-item tags="aaa"/>
      <attr-item tags="bbb"/>
      <attr-item tags="ccc"/>
    </def-attr>
  </cfg:elementTemplate>

  <cfg:elementTemplate name="beginnt-mit_literal">
    <begins-with>
      <clip pos="1" side="tl" part="lem"/>
      <lit v="x1.1"/>
    </begins-with>
  </cfg:elementTemplate>

  <cfg:elementTemplate name="beginnt-mit-liste">
    <begins-with-list>
      <clip pos="1" side="tl" part="lem"/>
      <list n="l_"/>
    </begins-with-list>
  </cfg:elementTemplate>

  <cfg:elementTemplate name="leerzeichen">
    <b/>
  </cfg:elementTemplate>

  <cfg:elementTemplate name="makro_aufrufen_1">
    <call-macro n="m_">
      <with-param pos="1"/>
    </call-macro>
  </cfg:elementTemplate>
  <cfg:elementTemplate name="makro_aufrufen_2">
    <call-macro n="m_">
      <with-param pos="1"/>
      <with-param pos="2"/>
    </call-macro>
  </cfg:elementTemplate>

  <cfg:elementTemplate name="fall-von_quellsprache">
    <case-of pos="1" side="sl" part="lem"/>
  </cfg:elementTemplate>
  <cfg:elementTemplate name="fall-von_zielsprache">
    <case-of pos="1" side="tl" part="lem"/>
  </cfg:elementTemplate>
  
  <cfg:elementTemplate name="kategorie">
    <def-cat n="c_">
      <cat-item tags="n"/>
    </def-cat>
  </cfg:elementTemplate>
  <cfg:elementTemplate name="kategorie_2">
    <def-cat n="c_">
      <cat-item tags="n"/>
      <cat-item tags="n.*"/>
    </def-cat>
  </cfg:elementTemplate>
  <cfg:elementTemplate name="kategorie_3">
    <def-cat n="c_">
      <cat-item tags="n"/>
      <cat-item tags="n.*"/>
      <cat-item tags="n.f.*"/>
    </def-cat>
  </cfg:elementTemplate>

  <cfg:elementTemplate name="clip_quellsprache">
    <clip pos="1" side="sl" part="a_"/>
  </cfg:elementTemplate>
  <cfg:elementTemplate name="clip_zielsprache">
    <clip pos="1" side="tl" part="a_"/>
  </cfg:elementTemplate>
  
  <cfg:elementTemplate name="wählen_und">
    <choose>
      <when>
        <test>
          <and>
            <equal>
              <clip pos="1" side="tl" part="a_"/>
              <lit-tag v="pl"/>
            </equal>
            <equal>
              <clip pos="1" side="tl" part="a_"/>
              <lit-tag v="pl"/>
            </equal>
          </and>
        </test>
      </when>
    </choose>
  </cfg:elementTemplate>

  <cfg:elementTemplate name="wählen_beginnt-mit">
    <choose>
      <when>
        <test>
          <begins-with>
            <clip pos="1" side="tl" part="a_"/>
            <lit-tag v="pl"/>
          </begins-with>
        </test>
      </when>
    </choose>
  </cfg:elementTemplate>

  <cfg:elementTemplate name="wählen_beginnt-mit-liste">
    <choose>
      <when>
        <test>
          <begins-with-list>
            <clip pos="1" side="tl" part="a_"/>
            <list n="l_"/>
          </begins-with-list>
        </test>
      </when>
    </choose>
  </cfg:elementTemplate>

  <cfg:elementTemplate name="wählen_enthält-teilzeichenkette">
    <choose>
      <when>
        <test>
          <contains-substring>
            <clip pos="1" side="tl" part="a_"/>
            <lit-tag v="pl"/>
          </contains-substring>
        </test>
      </when>
    </choose>
  </cfg:elementTemplate>

  <cfg:elementTemplate name="wählen_endet-mit">
    <choose>
      <when>
        <test>
          <ends-with>
            <clip pos="1" side="tl" part="a_"/>
            <lit-tag v="ly1.1"/>
          </ends-with>
        </test>
      </when>
    </choose>
  </cfg:elementTemplate>

  <cfg:elementTemplate name="wählen_endet-mit-liste">
    <choose>
      <when>
        <test>
          <ends-with-list>
            <clip pos="1" side="tl" part="a_"/>
            <list n="l_"/>
          </ends-with-list>
        </test>
      </when>
    </choose>
  </cfg:elementTemplate>

  <cfg:elementTemplate name="wählen_gleich">
    <choose>
      <when>
        <test>
          <equal>
            <clip pos="1" side="tl" part="a_"/>
            <lit-tag v="pl"/>
          </equal>
        </test>
      </when>
    </choose>
  </cfg:elementTemplate>

  <cfg:elementTemplate name="wählen_in">
    <choose>
      <when>
        <test>
          <in>
            <clip pos="1" side="tl" part="a_"/>
            <list n="l_"/>
          </in>
        </test>
      </when>
    </choose>
  </cfg:elementTemplate>

  <cfg:elementTemplate name="wählen_nicht_gleich">
    <choose>
      <when>
        <test>
          <not>
            <equal>
              <clip pos="1" side="tl" part="a_"/>
              <lit-tag v="pl"/>
            </equal>
          </not>
        </test>
      </when>
    </choose>
  </cfg:elementTemplate>

  <cfg:elementTemplate name="wählen_oder">
    <choose>
      <when>
        <test>
          <or>
            <equal>
              <clip pos="1" side="tl" part="a_"/>
              <lit-tag v="pl"/>
            </equal>
            <equal>
              <clip pos="1" side="tl" part="a_"/>
              <lit-tag v="pl"/>
            </equal>
          </or>
        </test>
      </when>
    </choose>
  </cfg:elementTemplate>

  <cfg:elementTemplate name="chunk">
    <chunk name="ch">
      <tags>
        <tag>
          <lit-tag v="???"/>
        </tag>
        <tag>
          <clip pos="1" side="tl" part="a_"/>
        </tag>
      </tags>
      <lu>
        <clip pos="1" side="tl" part="a_"/>
      </lu>
    </chunk>
  </cfg:elementTemplate>

  <cfg:elementTemplate name="konkat_2">
    <concat>
      <lit v="x1.1"/>
      <lit v="x1.1"/>
    </concat>
  </cfg:elementTemplate>

  <cfg:elementTemplate name="enthält-teilzeichenkette">
    <contains-substring>
      <clip pos="1" side="tl" part="lem"/>
      <lit v="x1.1"/>
    </contains-substring>
  </cfg:elementTemplate>

  <cfg:elementTemplate name="endet-mit_literal">
    <ends-with>
      <clip pos="1" side="tl" part="lem"/>
      <lit v="x1.1"/>
    </ends-with>
  </cfg:elementTemplate>

  <cfg:elementTemplate name="endet-mit-liste">
    <ends-with-list>
      <clip pos="1" side="tl" part="a_"/>
      <list n="l_"/>
    </ends-with-list>
  </cfg:elementTemplate>

  <cfg:elementTemplate name="gleich_clip_lit">
    <equal>
      <clip pos="1" side="tl" part="lem"/>
      <lit v="x1.1"/>
    </equal>
  </cfg:elementTemplate>
  <cfg:elementTemplate name="gleich_clip_lit-tag">
    <equal>
      <clip pos="1" side="tl" part="a_"/>
      <lit-tag v="pl"/>
    </equal>
  </cfg:elementTemplate>

  <cfg:elementTemplate name="in_liste">
    <in>
      <clip pos="1" side="tl" part="a_"/>
      <list n="l_"/>
    </in>
  </cfg:elementTemplate>

  <cfg:elementTemplate name="element">
    <pattern-item n="c_" />
  </cfg:elementTemplate>

  <cfg:elementTemplate name="setze_clip_lit-tag">
    <let>
      <clip pos="1" side="tl" part="a_"/>
      <lit-tag v="pl"/>
    </let>
  </cfg:elementTemplate>
  <cfg:elementTemplate name="setze_clip_lit-string">
    <let>
      <clip pos="1" side="tl" part="lem"/>
      <lit v="x1.1"/>
    </let>
  </cfg:elementTemplate>
  <cfg:elementTemplate name="setze_var_clip">
    <let>
      <var n="v_"/>
      <clip pos="1" side="tl" part="a_"/>
    </let>
  </cfg:elementTemplate>
  <cfg:elementTemplate name="setze_clip_var">
    <let>
      <clip pos="1" side="tl" part="a_"/>
      <var n="v_"/>
    </let>
  </cfg:elementTemplate>
  <cfg:elementTemplate name="setze_var_lit-tag">
    <let>
      <var n="v_"/>
      <lit-tag v="n"/>
    </let>
  </cfg:elementTemplate>

  <cfg:elementTemplate name="setze_var_lit-string">
    <let>
      <var n="v_"/>
      <lit v="x1.1"/>
    </let>
  </cfg:elementTemplate>

  <cfg:elementTemplate name="lex_einheit_clip">
    <lu>
      <clip pos="1" side="tl" part="a_"/>
    </lu>
  </cfg:elementTemplate>
  <cfg:elementTemplate name="lex_einheit_clip_2">
    <lu>
      <clip pos="1" side="tl" part="a_"/>
      <clip pos="1" side="tl" part="a_"/>
    </lu>
  </cfg:elementTemplate>
  <cfg:elementTemplate name="lex_einheit_clip_3">
    <lu>
      <clip pos="1" side="tl" part="a_"/>
      <clip pos="1" side="tl" part="a_"/>
      <clip pos="1" side="tl" part="a_"/>
    </lu>
  </cfg:elementTemplate>
  <cfg:elementTemplate name="lex_einheit_lit-string-tag">
    <lu>
      <lit v="x1.1"/>
      <lit-tag v="n"/>
    </lu>
  </cfg:elementTemplate>

  <cfg:elementTemplate name="liste_3">
    <def-list n="l_">
      <list-item v="x1.1"/>
      <list-item v="y1.1"/>
      <list-item v="z1.1"/>
    </def-list>
  </cfg:elementTemplate>

  <cfg:elementTemplate name="literalzeichenkette">
    <lit v="x1.1"/>
  </cfg:elementTemplate>

  <cfg:elementTemplate name="literal_tag">
    <lit-tag v="n"/>
  </cfg:elementTemplate>

  <cfg:elementTemplate name="makro_wählen">
    <def-macro n="m_" npar="1">
      <choose>
        <when>
          <test>
            <equal>
              <clip pos="1" side="tl" part="a_"/>
              <lit-tag v="pl"/>
            </equal>
          </test>
        </when>
        <otherwise/>
      </choose>
    </def-macro>
  </cfg:elementTemplate>
  
  <cfg:elementTemplate name="mlu">
    <mlu>
      <lu>
        <clip pos="1" side="tl" part="a_"/>
      </lu>
      <lu>
        <clip pos="1" side="tl" part="a_"/>
      </lu>
    </mlu>
  </cfg:elementTemplate>

  <cfg:elementTemplate name="nicht_gleich">
    <not>
      <equal>
        <clip pos="1" side="tl" part="a_"/>
        <lit-tag v="pl"/>
      </equal>
    </not>
  </cfg:elementTemplate>

  <cfg:elementTemplate name="oder_gleich_2">
    <or>
      <equal>
        <clip pos="1" side="tl" part="a_"/>
        <lit-tag v="pl"/>
      </equal>
      <equal>
        <clip pos="1" side="tl" part="a_"/>
        <lit-tag v="pl"/>
      </equal>
    </or>
  </cfg:elementTemplate>
  <cfg:elementTemplate name="oder_gleich_3">
    <or>
      <equal>
        <clip pos="1" side="tl" part="a_"/>
        <lit-tag v="pl"/>
      </equal>
      <equal>
        <clip pos="1" side="tl" part="a_"/>
        <lit-tag v="pl"/>
      </equal>
      <equal>
        <clip pos="1" side="tl" part="a_"/>
        <lit-tag v="pl"/>
      </equal>
    </or>
  </cfg:elementTemplate>

  <cfg:elementTemplate name="sonst_setze">
    <otherwise>
      <let>
        <var n="v_"/>
        <lit-tag v="n"/>
      </let>
    </otherwise>
  </cfg:elementTemplate>

  <cfg:elementTemplate name="ausgabe_chunk">
    <out>
      <chunk name="ch">
        <tags>
          <tag>
            <lit-tag v="???"/>
            <clip pos="1" side="tl" part="a_"/>
          </tag>
        </tags>
        <lu>
          <clip pos="1" side="tl" part="a_"/>
        </lu>
      </chunk>
    </out>
  </cfg:elementTemplate>

  <cfg:elementTemplate name="tag">
    <tag>
      <lit-tag v="pl"/>
      <clip pos="1" side="tl" part="a_"/>
    </tag>
  </cfg:elementTemplate>

  <cfg:elementTemplate name="etiketten">
    <cat-item tags="n.*"/>
  </cfg:elementTemplate>

  <cfg:elementTemplate name="ausgabe_lex_einheit">
    <out>
      <lu>
        <clip pos="1" side="tl" part="a_"/>
      </lu>
    </out>
  </cfg:elementTemplate>

  <cfg:elementTemplate name="regel">
    <rule comment="???">
      <pattern>
        <pattern-item n="c_"/>
      </pattern>
      <action>
        <out>
          <lu>
            <clip pos="1" side="tl" part="a_"/>
          </lu>
        </out>
      </action>
    </rule>
  </cfg:elementTemplate>

  <cfg:elementTemplate name="variable_def">
    <def-var n="v_"/>
  </cfg:elementTemplate>

  <cfg:elementTemplate name="variable">
    <var n="v_"/>
  </cfg:elementTemplate>

  <cfg:elementTemplate name="wenn_und">
    <when>
      <test>
        <and>
          <equal>
            <clip pos="1" side="tl" part="a_"/>
            <lit-tag v="pl"/>
          </equal>
          <equal>
            <clip pos="1" side="tl" part="a_"/>
            <lit-tag v="pl"/>
          </equal>
        </and>
      </test>
    </when>
  </cfg:elementTemplate>

  <cfg:elementTemplate name="wenn_beginnt-mit">
    <when>
      <test>
        <begins-with>
          <clip pos="1" side="tl" part="a_"/>
          <lit-tag v="pl"/>
        </begins-with>
      </test>
    </when>
  </cfg:elementTemplate>

  <cfg:elementTemplate name="wenn_beginnt-mit-liste">
    <when>
      <test>
        <begins-with-list>
          <clip pos="1" side="tl" part="a_"/>
          <list n="l_"/>
        </begins-with-list>
      </test>
    </when>
  </cfg:elementTemplate>

  <cfg:elementTemplate name="wenn_enthält-teilzeichenkette">
    <when>
      <test>
        <contains-substring>
          <clip pos="1" side="tl" part="a_"/>
          <lit-tag v="pl"/>
        </contains-substring>
      </test>
    </when>
  </cfg:elementTemplate>

  <cfg:elementTemplate name="wenn_endet-mit">
    <when>
      <test>
        <ends-with>
          <clip pos="1" side="tl" part="a_"/>
          <lit-tag v="ly1.1"/>
        </ends-with>
      </test>
    </when>
  </cfg:elementTemplate>

  <cfg:elementTemplate name="wenn_endet-mit-liste">
    <when>
      <test>
        <ends-with-list>
          <clip pos="1" side="tl" part="a_"/>
          <list n="l_"/>
        </ends-with-list>
      </test>
    </when>
  </cfg:elementTemplate>

  <cfg:elementTemplate name="wenn_gleich">
    <when>
      <test>
        <equal>
          <clip pos="1" side="tl" part="a_"/>
          <lit-tag v="pl"/>
        </equal>
      </test>
    </when>
  </cfg:elementTemplate>

  <cfg:elementTemplate name="wenn_in">
    <when>
      <test>
        <in>
          <clip pos="1" side="tl" part="a_"/>
          <list n="l_"/>
        </in>
      </test>
    </when>
  </cfg:elementTemplate>

  <cfg:elementTemplate name="wenn_nicht_gleich">
    <when>
      <test>
        <not>
          <equal>
            <clip pos="1" side="tl" part="a_"/>
            <lit-tag v="pl"/>
          </equal>
        </not>
      </test>
    </when>
  </cfg:elementTemplate>

  <cfg:elementTemplate name="wenn_oder">
    <when>
      <test>
        <or>
          <equal>
            <clip pos="1" side="tl" part="a_"/>
            <lit-tag v="pl"/>
          </equal>
          <equal>
            <clip pos="1" side="tl" part="a_"/>
            <lit-tag v="pl"/>
          </equal>
        </or>
      </test>
    </when>
  </cfg:elementTemplate>

  <cfg:elementTemplate name="mit_element">
    <with-param pos="?"/>
  </cfg:elementTemplate>
</cfg:configuration>
