<cfg:configuration name="FLExTrans" xmlns:xsi="http://www.w3.org/2001/XMLSchema-instance" xmlns:xs="http://www.w3.org/2001/XMLSchema"
    xmlns:cfg="http://www.xmlmind.com/xmleditor/schema/configuration">

    <cfg:binding>
        <cfg:keyPressed code="F11"/>
        <cfg:command name="setReference"/>
    </cfg:binding>

    <cfg:command name="setReference">
        <cfg:macro trace="false">
            <cfg:sequence>
                <cfg:choice>
                    <cfg:command name="setSymbol"/>
                    <cfg:command name="setType"/>
                </cfg:choice>
            </cfg:sequence>
        </cfg:macro>
    </cfg:command>

    <cfg:command name="setSymbol">
        <cfg:macro trace="false">
            <cfg:sequence>
                <cfg:pass>
                    <cfg:command name="selectNode" parameter="self[implicitElement] section"/>
                </cfg:pass>
                <cfg:command name="pick" parameter="Type false %_ standard inconditional postblank preblank"/>
                <cfg:command name="putAttribute" parameter="[implicitElement] type %_"/>
            </cfg:sequence>
        </cfg:macro>
    </cfg:command>
    <cfg:command name="setType">
        <cfg:macro trace="false">
            <cfg:sequence>
                <cfg:pass>
                    <cfg:command name="selectNode" parameter="self[implicitElement] s"/>
                </cfg:pass>
                <cfg:get expression="join(//sdef/@n, ' ')"/>
                <cfg:command name="pick" parameter="Symbol false %_"/>
                <cfg:command name="putAttribute" parameter="[implicitElement] n %_"/>
            </cfg:sequence>
        </cfg:macro>
    </cfg:command>
</cfg:configuration>
